Date,Adj Close,returns,MA5,MA5_ratio,High5,Low5,High5_ratio,Low5_ratio,Voltality5,MA10,MA10_ratio,High10,Low10,High10_ratio,Low10_ratio,Voltality10,MA15,MA15_ratio,High15,Low15,High15_ratio,Low15_ratio,Voltality15,MA20,MA20_ratio,High20,Low20,High20_ratio,Low20_ratio,Voltality20,MA25,MA25_ratio,High25,Low25,High25_ratio,Low25_ratio,Voltality25,log_return_1,log_return_2,log_return_3,log_return_4,log_return_5,log_return_6,log_return_7,log_return_8,log_return_9,log_return_10,log_return_11,log_return_12,log_return_13,log_return_14,log_return_15,log_return_16,log_return_17,log_return_18,log_return_19,log_return_20,log_return_21,log_return_22,log_return_23,log_return_24,log_return_25
2022-11-17,2523.09,-0.00015059763510902606,2521.174,0.0007596747878956215,2523.47,2516.92,-0.00015059763510902606,-0.0024484090635844627,0.0022558474361640884,2507.388,0.006242766987555321,2523.47,2480.45,-0.00015059763510902606,-0.01704434551251813,0.0032135912664669956,2503.8486666666668,0.00765532606519196,2523.47,2480.45,-0.00015059763510902606,-0.01704434551251813,0.0029924055740321825,2498.4365000000003,0.00981920461195893,2523.47,2476.56,-0.00015059763510902606,-0.018613840348527803,0.0029504610108785677,2496.2952,0.010676628097262887,2523.47,2476.56,-0.00015059763510902606,-0.018613840348527803,0.0029079885785664164,-0.00015059763510902606,0.00039635826549327426,0.00220264843320022,-0.0011912232092951734,0.004542190045499458,0.0027144641632584807,0.0039290420799658185,0.0025796822252344026,0.0020217811442709466,-0.006577926866033559,-0.00014817751693606867,0.002317284443113134,-0.002753679824247885,-0.0007482349806815053,0.004509884273702875,0.0043527436405237365,0.0006176016665688189,-0.0020813676770165966,-0.001614510813819622,-0.0029244367805562332,4.8135742804182894e-05,0.005389786154285072,-0.0023324353897252186,-0.0010858070019543317,0.0023137865664712926
2022-11-18,2520.05,-0.0012055982456214253,2521.2,-0.0004562360604799898,2523.47,2516.92,-0.0013561958807304527,-0.0012428108179630226,0.0014056481823824152,2511.348,0.0034590818205185274,2523.47,2485.47,-0.0013561958807304527,-0.013816966122625885,0.002027501614085146,2505.1753333333336,0.005920017162289644,2523.47,2480.45,-0.0013561958807304527,-0.015838747266896647,0.0028622758793563456,2500.1525,0.007927012582607045,2523.47,2476.56,-0.0013561958807304527,-0.017408242102906347,0.002866238194836614,2497.578,0.008957280312219923,2523.47,2476.56,-0.0013561958807304527,-0.017408242102906347,0.0029094303208442285,-0.0012055982456214253,-0.00015059763510902606,0.00039635826549327426,0.00220264843320022,-0.0011912232092951734,0.004542190045499458,0.0027144641632584807,0.0039290420799658185,0.0025796822252344026,0.0020217811442709466,-0.006577926866033559,-0.00014817751693606867,0.002317284443113134,-0.002753679824247885,-0.0007482349806815053,0.004509884273702875,0.0043527436405237365,0.0006176016665688189,-0.0020813676770165966,-0.001614510813819622,-0.0029244367805562332,4.8135742804182894e-05,0.005389786154285072,-0.0023324353897252186,-0.0010858070019543317
2022-11-21,2522.84,0.0011065084840890362,2522.384,0.0001807650170704079,2523.47,2520.05,-0.0002496873966414084,-0.001106508484089076,0.0012850493727102666,2515.085,0.0030786508831376937,2523.47,2491.89,-0.0002496873966414084,-0.012343792381480404,0.0020261953742264243,2506.8126666666667,0.006373158802092639,2523.47,2480.45,-0.0002496873966414084,-0.01694525575098569,0.0028431785728903966,2502.2084999999997,0.00821150917440365,2523.47,2476.56,-0.0002496873966414084,-0.01851475058699538,0.0028154411111514016,2499.0804000000003,0.00946242687599949,2523.47,2476.56,-0.0002496873966414084,-0.01851475058699538,0.0028922432484699005,0.0011065084840890362,-0.0012055982456214253,-0.00015059763510902606,0.00039635826549327426,0.00220264843320022,-0.0011912232092951734,0.004542190045499458,0.0027144641632584807,0.0039290420799658185,0.0025796822252344026,0.0020217811442709466,-0.006577926866033559,-0.00014817751693606867,0.002317284443113134,-0.002753679824247885,-0.0007482349806815053,0.004509884273702875,0.0043527436405237365,0.0006176016665688189,-0.0020813676770165966,-0.001614510813819622,-0.0029244367805562332,4.8135742804182894e-05,0.005389786154285072,-0.0023324353897252186
2022-11-22,2524.35,0.0005983527646278879,2522.76,0.0006300635621570769,2524.35,2520.05,0.0,-0.0017048612487170665,0.0008809968310926084,2518.3309999999997,0.0023872233276070894,2524.35,2501.7,0.0,-0.009013103066142695,0.0020048156533154916,2509.0086666666666,0.006095882235301974,2524.35,2480.45,0.0,-0.01754360851561372,0.002683617200948932,2504.598,0.007855361228282199,2524.35,2478.09,0.0,-0.01849550168505448,0.0027325587265580567,2500.8747999999996,0.009343013178625,2524.35,2476.56,0.0,-0.019113103351623417,0.0028270933774781734,0.0005983527646278879,0.0011065084840890362,-0.0012055982456214253,-0.00015059763510902606,0.00039635826549327426,0.00220264843320022,-0.0011912232092951734,0.004542190045499458,0.0027144641632584807,0.0039290420799658185,0.0025796822252344026,0.0020217811442709466,-0.006577926866033559,-0.00014817751693606867,0.002317284443113134,-0.002753679824247885,-0.0007482349806815053,0.004509884273702875,0.0043527436405237365,0.0006176016665688189,-0.0020813676770165966,-0.001614510813819622,-0.0029244367805562332,4.8135742804182894e-05,0.005389786154285072
2022-11-23,2527.23,0.001140237435429683,2523.512,0.0014722591934325795,2527.23,2520.05,0.0,-0.002845098684146722,0.0009893569794816065,2520.8840000000005,0.0025142076200661795,2527.23,2508.5,0.0,-0.007438876338313991,0.0017788017733928385,2511.0113333333334,0.006438247641174921,2527.23,2480.45,0.0,-0.01868384595104342,0.0026555139130119486,2507.055,0.00801508377297699,2527.23,2480.45,0.0,-0.01868384595104342,0.0027316545952224243,2502.2484,0.009934153588215908,2527.23,2476.56,0.0,-0.020253340787053143,0.002657087701289084,0.001140237435429683,0.0005983527646278879,0.0011065084840890362,-0.0012055982456214253,-0.00015059763510902606,0.00039635826549327426,0.00220264843320022,-0.0011912232092951734,0.004542190045499458,0.0027144641632584807,0.0039290420799658185,0.0025796822252344026,0.0020217811442709466,-0.006577926866033559,-0.00014817751693606867,0.002317284443113134,-0.002753679824247885,-0.0007482349806815053,0.004509884273702875,0.0043527436405237365,0.0006176016665688189,-0.0020813676770165966,-0.001614510813819622,-0.0029244367805562332,4.8135742804182894e-05
2022-11-24,2537.4,0.004016093443876225,2526.3740000000003,0.004354861581698691,2537.4,2520.05,0.0,-0.006861192128022992,0.001875356880217329,2523.7740000000003,0.005384534466420389,2537.4,2516.92,0.0,-0.008104002945986089,0.001955769574605088,2513.7166666666667,0.00937753310868309,2537.4,2480.45,0.0,-0.022699939394919745,0.002765038891391506,2509.4800000000005,0.011064374358350408,2537.4,2480.45,0.0,-0.022699939394919745,0.002710746643601116,2504.0240000000003,0.013240896867904431,2537.4,2476.56,0.0,-0.024269434230929348,0.0027431487510531025,0.004016093443876225,0.001140237435429683,0.0005983527646278879,0.0011065084840890362,-0.0012055982456214253,-0.00015059763510902606,0.00039635826549327426,0.00220264843320022,-0.0011912232092951734,0.004542190045499458,0.0027144641632584807,0.0039290420799658185,0.0025796822252344026,0.0020217811442709466,-0.006577926866033559,-0.00014817751693606867,0.002317284443113134,-0.002753679824247885,-0.0007482349806815053,0.004509884273702875,0.0043527436405237365,0.0006176016665688189,-0.0020813676770165966,-0.001614510813819622,-0.0029244367805562332
2022-11-25,2530.64,-0.002667699548160403,2528.4919999999997,0.0008491575744895833,2537.4,2522.84,-0.002667699548160403,-0.003086984095773554,0.0023775554615603945,2524.846,0.0022921644078588194,2537.4,2516.92,-0.002667699548160403,-0.00543630339782561,0.0018923825318236996,2517.0626666666667,0.005379621968368378,2537.4,2485.47,-0.002667699548160403,-0.018010458702488366,0.00209521399629818,2511.0045,0.007789362887663,2537.4,2480.45,-0.002667699548160403,-0.020032239846759215,0.002691786356920973,2505.8204,0.00985604926740508,2537.4,2476.56,-0.002667699548160403,-0.021601734682768933,0.002729437675974929,-0.002667699548160403,0.004016093443876225,0.001140237435429683,0.0005983527646278879,0.0011065084840890362,-0.0012055982456214253,-0.00015059763510902606,0.00039635826549327426,0.00220264843320022,-0.0011912232092951734,0.004542190045499458,0.0027144641632584807,0.0039290420799658185,0.0025796822252344026,0.0020217811442709466,-0.006577926866033559,-0.00014817751693606867,0.002317284443113134,-0.002753679824247885,-0.0007482349806815053,0.004509884273702875,0.0043527436405237365,0.0006176016665688189,-0.0020813676770165966,-0.001614510813819622
2022-11-28,2536.75,0.002411499000854694,2531.274,0.002161000867810446,2537.4,2524.35,-0.00025620054730561147,-0.0049001303320003265,0.0024835689555373786,2526.829,0.003918577233592,2537.4,2520.05,-0.00025620054730561147,-0.006604991580717344,0.0018935442913387817,2520.4813333333336,0.00643384560190599,2537.4,2491.89,-0.00025620054730561147,-0.017842275478108686,0.002106716875159816,2512.9280000000003,0.009435127040771528,2537.4,2480.45,-0.00025620054730561147,-0.022443738847614053,0.0027008260410874767,2508.0216,0.011389499003276463,2537.4,2476.56,-0.00025620054730561147,-0.024013233683623642,0.0027048499688007437,0.002411499000854694,-0.002667699548160403,0.004016093443876225,0.001140237435429683,0.0005983527646278879,0.0011065084840890362,-0.0012055982456214253,-0.00015059763510902606,0.00039635826549327426,0.00220264843320022,-0.0011912232092951734,0.004542190045499458,0.0027144641632584807,0.0039290420799658185,0.0025796822252344026,0.0020217811442709466,-0.006577926866033559,-0.00014817751693606867,0.002317284443113134,-0.002753679824247885,-0.0007482349806815053,0.004509884273702875,0.0043527436405237365,0.0006176016665688189,-0.0020813676770165966
2022-11-29,2536.05,-0.0002759817081071286,2533.614,0.0009610105077887605,2537.4,2527.23,-0.0005321822554127815,-0.0034839111884634798,0.0025573771756195116,2528.1870000000004,0.003105307401107474,2537.4,2520.05,-0.0005321822554127815,-0.006329009872610198,0.0018490266150426396,2523.425333333333,0.004990514642960419,2537.4,2501.7,-0.0005321822554127815,-0.013637251690035847,0.0021177667041360083,2515.16,0.008271332650544834,2537.4,2480.45,-0.0005321822554127815,-0.022167757139506944,0.0025853331148713893,2510.4012,0.010165171460958987,2537.4,2478.09,-0.0005321822554127815,-0.023119650308947734,0.0026460283098203494,-0.0002759817081071286,0.002411499000854694,-0.002667699548160403,0.004016093443876225,0.001140237435429683,0.0005983527646278879,0.0011065084840890362,-0.0012055982456214253,-0.00015059763510902606,0.00039635826549327426,0.00220264843320022,-0.0011912232092951734,0.004542190045499458,0.0027144641632584807,0.0039290420799658185,0.0025796822252344026,0.0020217811442709466,-0.006577926866033559,-0.00014817751693606867,0.002317284443113134,-0.002753679824247885,-0.0007482349806815053,0.004509884273702875,0.0043527436405237365,0.0006176016665688189
2022-11-30,2535.85,-7.886590828047909e-05,2535.338,0.00020192507228652463,2537.4,2530.64,-0.0006110481636932719,-0.002056651384467185,0.0025896174390729713,2529.425,0.0025368823788714983,2537.4,2520.05,-0.0006110481636932719,-0.006250143964329735,0.0018591199546956004,2525.7019999999998,0.004009842671707752,2537.4,2508.5,-0.0006110481636932719,-0.010843921618497024,0.001994174963724029,2517.093,0.0074242223415670145,2537.4,2480.45,-0.0006110481636932719,-0.02208889123122649,0.0025710907285999922,2512.7115999999996,0.009166397816213891,2537.4,2480.45,-0.0006110481636932719,-0.02208889123122649,0.0026533245107779667,-7.886590828047909e-05,-0.0002759817081071286,0.002411499000854694,-0.002667699548160403,0.004016093443876225,0.001140237435429683,0.0005983527646278879,0.0011065084840890362,-0.0012055982456214253,-0.00015059763510902606,0.00039635826549327426,0.00220264843320022,-0.0011912232092951734,0.004542190045499458,0.0027144641632584807,0.0039290420799658185,0.0025796822252344026,0.0020217811442709466,-0.006577926866033559,-0.00014817751693606867,0.002317284443113134,-0.002753679824247885,-0.0007482349806815053,0.004509884273702875,0.0043527436405237365
2022-12-01,2548.36,0.004921128453285567,2537.53,0.004258848055835928,2548.36,2530.64,0.0,-0.006977779837752692,0.002894671003683643,2531.952,0.006459468257687628,2548.36,2520.05,0.0,-0.011171272417615223,0.0023037499689232493,2528.3593333333333,0.007879407480255602,2548.36,2516.92,0.0,-0.012414083235578226,0.0022072876694422907,2519.6699999999996,0.011322074446585433,2548.36,2480.45,0.0,-0.027010019684511933,0.002721478235855596,2515.09,0.013141426814258297,2548.36,2480.45,0.0,-0.027010019684511933,0.002686181196384938,0.004921128453285567,-7.886590828047909e-05,-0.0002759817081071286,0.002411499000854694,-0.002667699548160403,0.004016093443876225,0.001140237435429683,0.0005983527646278879,0.0011065084840890362,-0.0012055982456214253,-0.00015059763510902606,0.00039635826549327426,0.00220264843320022,-0.0011912232092951734,0.004542190045499458,0.0027144641632584807,0.0039290420799658185,0.0025796822252344026,0.0020217811442709466,-0.006577926866033559,-0.00014817751693606867,0.002317284443113134,-0.002753679824247885,-0.0007482349806815053,0.004509884273702875
2022-12-02,2547.07,-0.0005063360805900609,2540.8160000000003,0.0024583896532917055,2548.36,2535.85,-0.0005063360805900609,-0.004414792372695424,0.002344977493796164,2534.654,0.004886540357582249,2548.36,2522.84,-0.0005063360805900609,-0.009558427852936138,0.0022391879439118394,2530.1693333333333,0.006657448262380117,2548.36,2516.92,-0.0005063360805900609,-0.011907747154988246,0.0020133023869047155,2523.0009999999997,0.009494612920973575,2548.36,2485.47,-0.0005063360805900609,-0.024481902459650987,0.0020958724469827177,2516.9668,0.011889153173096887,2548.36,2480.45,-0.0005063360805900609,-0.026503683603921854,0.0025945358535342934,-0.0005063360805900609,0.004921128453285567,-7.886590828047909e-05,-0.0002759817081071286,0.002411499000854694,-0.002667699548160403,0.004016093443876225,0.001140237435429683,0.0005983527646278879,0.0011065084840890362,-0.0012055982456214253,-0.00015059763510902606,0.00039635826549327426,0.00220264843320022,-0.0011912232092951734,0.004542190045499458,0.0027144641632584807,0.0039290420799658185,0.0025796822252344026,0.0020217811442709466,-0.006577926866033559,-0.00014817751693606867,0.002317284443113134,-0.002753679824247885,-0.0007482349806815053
2022-12-05,2549.11,0.0008005997076096658,2543.2880000000005,0.002286546549030024,2549.11,2535.85,0.0,-0.005215392080305106,0.0022623134514045268,2537.281,0.0046512434163131075,2549.11,2524.35,0.0,-0.0097606747959178,0.0022406696471062707,2532.315333333333,0.006610242882235043,2549.11,2520.05,0.0,-0.011465536044634874,0.0019430978924128402,2526.183,0.009034810780978822,2549.11,2491.89,0.0,-0.022702819942026296,0.002092295670711245,2519.0,0.011882281270499536,2549.11,2480.45,0.0,-0.02730428331153156,0.0025758505674856624,0.0008005997076096658,-0.0005063360805900609,0.004921128453285567,-7.886590828047909e-05,-0.0002759817081071286,0.002411499000854694,-0.002667699548160403,0.004016093443876225,0.001140237435429683,0.0005983527646278879,0.0011065084840890362,-0.0012055982456214253,-0.00015059763510902606,0.00039635826549327426,0.00220264843320022,-0.0011912232092951734,0.004542190045499458,0.0027144641632584807,0.0039290420799658185,0.0025796822252344026,0.0020217811442709466,-0.006577926866033559,-0.00014817751693606867,0.002317284443113134,-0.002753679824247885
2022-12-06,2547.54,-0.0006160909811975781,2545.5860000000002,0.0007673087592453679,2549.11,2535.85,-0.0006160909811975781,-0.0045993010991075165,0.00231375033429371,2539.6,0.003121599345617474,2549.11,2527.23,-0.0006160909811975781,-0.0080043463792905,0.002299167727652659,2533.986666666666,0.005334367547888674,2549.11,2520.05,-0.0006160909811975781,-0.010849445063437243,0.0019389473607726861,2528.9655,0.007317861820631339,2549.11,2501.7,-0.0006160909811975781,-0.01815768688086296,0.002108506530526782,2521.2452,0.01037528119285382,2549.11,2480.45,-0.0006160909811975781,-0.026688192330333923,0.0024867130534213366,-0.0006160909811975781,0.0008005997076096658,-0.0005063360805900609,0.004921128453285567,-7.886590828047909e-05,-0.0002759817081071286,0.002411499000854694,-0.002667699548160403,0.004016093443876225,0.001140237435429683,0.0005983527646278879,0.0011065084840890362,-0.0012055982456214253,-0.00015059763510902606,0.00039635826549327426,0.00220264843320022,-0.0011912232092951734,0.004542190045499458,0.0027144641632584807,0.0039290420799658185,0.0025796822252344026,0.0020217811442709466,-0.006577926866033559,-0.00014817751693606867,0.002317284443113134
2022-12-07,2544.36,-0.0012490427594525977,2547.288,-0.0011501189095384145,2549.11,2544.36,-0.0018651337406502193,0.0,0.002490465372959296,2541.3129999999996,0.0011982682978579201,2549.11,2530.64,-0.0018651337406502193,-0.005406909724122095,0.002395237060397754,2535.3793333333333,0.003535880656091713,2549.11,2520.05,-0.0018651337406502193,-0.009600402303984712,0.0020004535881870066,2531.0985,0.005225746670655808,2549.11,2508.5,-0.0018651337406502193,-0.014194179958151936,0.002060773994263689,2523.1319999999996,0.008378157941723658,2549.11,2480.45,-0.0018651337406502193,-0.02543914957088135,0.0025037288776138663,-0.0012490427594525977,-0.0006160909811975781,0.0008005997076096658,-0.0005063360805900609,0.004921128453285567,-7.886590828047909e-05,-0.0002759817081071286,0.002411499000854694,-0.002667699548160403,0.004016093443876225,0.001140237435429683,0.0005983527646278879,0.0011065084840890362,-0.0012055982456214253,-0.00015059763510902606,0.00039635826549327426,0.00220264843320022,-0.0011912232092951734,0.004542190045499458,0.0027144641632584807,0.0039290420799658185,0.0025796822252344026,0.0020217811442709466,-0.006577926866033559,-0.00014817751693606867
2022-12-08,2545.33,0.0003811627080406596,2546.6820000000002,-0.0005310278262389179,2549.11,2544.36,-0.001483971032609596,-0.0003811627080406206,0.0008214645911729399,2542.106,0.001267436261246186,2549.11,2530.64,-0.001483971032609596,-0.005788072432162712,0.002088073637635069,2536.862,0.003332423425348349,2549.11,2520.05,-0.001483971032609596,-0.009981565012025287,0.0019918518358811635,2532.94,0.004879624196654057,2549.11,2516.92,-0.001483971032609596,-0.011224375829988396,0.0020149317681931013,2525.0724,0.00799057202478356,2549.11,2480.45,-0.001483971032609596,-0.025820312278922043,0.0024980615318756414,0.0003811627080406596,-0.0012490427594525977,-0.0006160909811975781,0.0008005997076096658,-0.0005063360805900609,0.004921128453285567,-7.886590828047909e-05,-0.0002759817081071286,0.002411499000854694,-0.002667699548160403,0.004016093443876225,0.001140237435429683,0.0005983527646278879,0.0011065084840890362,-0.0012055982456214253,-0.00015059763510902606,0.00039635826549327426,0.00220264843320022,-0.0011912232092951734,0.004542190045499458,0.0027144641632584807,0.0039290420799658185,0.0025796822252344026,0.0020217811442709466,-0.006577926866033559
2022-12-09,2535.89,-0.0037156473684451003,2544.446,-0.0033682843375813783,2549.11,2535.89,-0.005199618401054717,0.0,0.0017791629413474797,2542.6310000000003,-0.00265471146380179,2549.11,2535.85,-0.005199618401054717,-1.577367925043425e-05,0.0022723960986418897,2537.918,-0.0007993996256846528,2549.11,2522.84,-0.005199618401054717,-0.005159409159491086,0.0022426747178338853,2533.7385000000004,0.0008487801933283307,2549.11,2516.92,-0.005199618401054717,-0.007508728461543266,0.0020383182257289563,2527.29,0.0033970778326783985,2549.11,2485.47,-0.005199618401054717,-0.020082883766206,0.0021944106549707416,-0.0037156473684451003,0.0003811627080406596,-0.0012490427594525977,-0.0006160909811975781,0.0008005997076096658,-0.0005063360805900609,0.004921128453285567,-7.886590828047909e-05,-0.0002759817081071286,0.002411499000854694,-0.002667699548160403,0.004016093443876225,0.001140237435429683,0.0005983527646278879,0.0011065084840890362,-0.0012055982456214253,-0.00015059763510902606,0.00039635826549327426,0.00220264843320022,-0.0011912232092951734,0.004542190045499458,0.0027144641632584807,0.0039290420799658185,0.0025796822252344026,0.0020217811442709466
2022-12-12,2538.09,0.0008671694164595822,2542.2419999999997,-0.0016345392090179398,2547.54,2535.89,-0.003716358003397533,-0.0008671694164595542,0.0017950596260784034,2542.7650000000003,-0.0018402419747544395,2549.11,2535.85,-0.004332448984595128,-0.0008829430957100223,0.0021554148275337217,2538.934666666667,-0.00033274081964021967,2549.11,2524.35,-0.004332448984595128,-0.005428225811322748,0.002238271312183984,2534.797,0.0012982747151805058,2549.11,2520.05,-0.004332448984595128,-0.00713308706003978,0.0020099857688340122,2529.3948,0.003431765018267381,2549.11,2491.89,-0.004332448984595128,-0.01837037095743112,0.002181583504045956,0.0008671694164595822,-0.0037156473684451003,0.0003811627080406596,-0.0012490427594525977,-0.0006160909811975781,0.0008005997076096658,-0.0005063360805900609,0.004921128453285567,-7.886590828047909e-05,-0.0002759817081071286,0.002411499000854694,-0.002667699548160403,0.004016093443876225,0.001140237435429683,0.0005983527646278879,0.0011065084840890362,-0.0012055982456214253,-0.00015059763510902606,0.00039635826549327426,0.00220264843320022,-0.0011912232092951734,0.004542190045499458,0.0027144641632584807,0.0039290420799658185,0.0025796822252344026
2022-12-13,2545.6,0.0029545489450077092,2541.8540000000003,0.0014726425740607533,2545.6,2535.89,0.0,-0.0038217183614672537,0.002493827372161859,2543.72,0.0007388020739560543,2549.11,2535.85,-0.0013779000395874295,-0.00383749204071766,0.0023352533223802135,2540.3513333333335,0.002063986926324533,2549.11,2527.23,-0.0013779000395874295,-0.007242537320900736,0.002333696246952034,2535.9535,0.0037966781566567704,2549.11,2520.05,-0.0013779000395874295,-0.010087636005047392,0.0020517060996366964,2531.5432,0.005537301337927203,2549.11,2501.7,-0.0013779000395874295,-0.017395877822473097,0.0021952985551391933,0.0029545489450077092,0.0008671694164595822,-0.0037156473684451003,0.0003811627080406596,-0.0012490427594525977,-0.0006160909811975781,0.0008005997076096658,-0.0005063360805900609,0.004921128453285567,-7.886590828047909e-05,-0.0002759817081071286,0.002411499000854694,-0.002667699548160403,0.004016093443876225,0.001140237435429683,0.0005983527646278879,0.0011065084840890362,-0.0012055982456214253,-0.00015059763510902606,0.00039635826549327426,0.00220264843320022,-0.0011912232092951734,0.004542190045499458,0.0027144641632584807,0.0039290420799658185
2022-12-14,2551.33,0.002248413226760142,2543.248,0.0031727875320941663,2551.33,2535.89,0.0,-0.006070131588227404,0.0025976562444563057,2545.268,0.002378842851127,2551.33,2535.89,0.0,-0.006070131588227404,0.002399970316294302,2541.9579999999996,0.003680141620668724,2551.33,2530.64,0.0,-0.008142556651945024,0.0023706640581550626,2537.3465,0.005495941900828843,2551.33,2520.05,0.0,-0.012336049231807554,0.002090287046792483,2533.5284,0.007001836168317421,2551.33,2508.5,0.0,-0.01692982688597488,0.002121675927594105,0.002248413226760142,0.0029545489450077092,0.0008671694164595822,-0.0037156473684451003,0.0003811627080406596,-0.0012490427594525977,-0.0006160909811975781,0.0008005997076096658,-0.0005063360805900609,0.004921128453285567,-7.886590828047909e-05,-0.0002759817081071286,0.002411499000854694,-0.002667699548160403,0.004016093443876225,0.001140237435429683,0.0005983527646278879,0.0011065084840890362,-0.0012055982456214253,-0.00015059763510902606,0.00039635826549327426,0.00220264843320022,-0.0011912232092951734,0.004542190045499458,0.0027144641632584807
2022-12-15,2545.82,-0.0021619933281317675,2543.346,0.0009722615433993781,2551.33,2535.89,-0.0021619933281317675,-0.0039081382600956414,0.002872696654382626,2545.014,0.0003166475303396308,2551.33,2535.89,-0.0021619933281317675,-0.0039081382600956414,0.0019972149437514713,2542.5193333333327,0.0012973455241054555,2551.33,2530.64,-0.0021619933281317675,-0.005980563323813275,0.002275638373028701,2538.483,0.0028861399853549598,2551.33,2520.05,-0.0021619933281317675,-0.010174055903675757,0.002172488648959607,2535.0212,0.004250798572704013,2551.33,2516.92,-0.0021619933281317675,-0.01141686672163891,0.0021607722363027257,-0.0021619933281317675,0.002248413226760142,0.0029545489450077092,0.0008671694164595822,-0.0037156473684451003,0.0003811627080406596,-0.0012490427594525977,-0.0006160909811975781,0.0008005997076096658,-0.0005063360805900609,0.004921128453285567,-7.886590828047909e-05,-0.0002759817081071286,0.002411499000854694,-0.002667699548160403,0.004016093443876225,0.001140237435429683,0.0005983527646278879,0.0011065084840890362,-0.0012055982456214253,-0.00015059763510902606,0.00039635826549327426,0.00220264843320022,-0.0011912232092951734,0.004542190045499458
2022-12-16,2543.29,-0.0009942800247698988,2544.826,-0.0006037598382817155,2551.33,2538.09,-0.0031562733529017003,-0.0020466888188661507,0.0021506625873778116,2544.636,-0.0005290957578392843,2551.33,2535.89,-0.0031562733529017003,-0.002913858235325711,0.0020141416215234526,2543.3626666666664,-2.857150721048233e-05,2551.33,2535.85,-0.0031562733529017003,-0.0029296319145761304,0.0021621009674144907,2539.6449999999995,0.0014342109921934361,2551.33,2522.84,-0.0031562733529017003,-0.008073267394816772,0.002164520181228795,2535.956,0.0028878322085087297,2551.33,2516.92,-0.0031562733529017003,-0.010422586696868909,0.002017903362987603,-0.0009942800247698988,-0.0021619933281317675,0.002248413226760142,0.0029545489450077092,0.0008671694164595822,-0.0037156473684451003,0.0003811627080406596,-0.0012490427594525977,-0.0006160909811975781,0.0008005997076096658,-0.0005063360805900609,0.004921128453285567,-7.886590828047909e-05,-0.0002759817081071286,0.002411499000854694,-0.002667699548160403,0.004016093443876225,0.001140237435429683,0.0005983527646278879,0.0011065084840890362,-0.0012055982456214253,-0.00015059763510902606,0.00039635826549327426,0.00220264843320022,-0.0011912232092951734
2022-12-19,2545.72,0.0009549991784981239,2546.352,-0.00024822901296180235,2551.33,2543.29,-0.0022012741744035485,-0.0009549991784982058,0.0021539223923743574,2544.2969999999996,0.0005591337070476629,2551.33,2535.89,-0.0022012741744035485,-0.0038688574138238366,0.0020227989261638896,2543.9606666666664,0.0006913335113251247,2551.33,2535.85,-0.0022012741744035485,-0.003884631093074269,0.0020936832597295216,2540.7889999999998,0.0019388549375222918,2551.33,2524.35,-0.0022012741744035485,-0.008429913808686981,0.0021623987835511253,2537.1079999999997,0.003388667978147331,2551.33,2520.05,-0.0022012741744035485,-0.010134775057404075,0.0019942643874858467,0.0009549991784981239,-0.0009942800247698988,-0.0021619933281317675,0.002248413226760142,0.0029545489450077092,0.0008671694164595822,-0.0037156473684451003,0.0003811627080406596,-0.0012490427594525977,-0.0006160909811975781,0.0008005997076096658,-0.0005063360805900609,0.004921128453285567,-7.886590828047909e-05,-0.0002759817081071286,0.002411499000854694,-0.002667699548160403,0.004016093443876225,0.001140237435429683,0.0005983527646278879,0.0011065084840890362,-0.0012055982456214253,-0.00015059763510902606,0.00039635826549327426,0.00220264843320022
2022-12-20,2539.13,-0.002592014981601532,2545.058,-0.0023319368545524823,2551.33,2539.13,-0.004793289156005097,0.0,0.00206479153630224,2543.456,-0.001702283461468517,2551.33,2535.89,-0.004793289156005097,-0.001276842432222343,0.0021666176647974333,2544.166,-0.0019813922492711972,2551.33,2535.85,-0.004793289156005097,-0.0012926161114726869,0.0022159151958546877,2541.5280000000002,-0.0009439722878683106,2551.33,2527.23,-0.004793289156005097,-0.004697661391655661,0.002266173959121998,2537.7744000000002,0.0005340262196846904,2551.33,2520.05,-0.004793289156005097,-0.0075427600758024614,0.002049000121669226,-0.002592014981601532,0.0009549991784981239,-0.0009942800247698988,-0.0021619933281317675,0.002248413226760142,0.0029545489450077092,0.0008671694164595822,-0.0037156473684451003,0.0003811627080406596,-0.0012490427594525977,-0.0006160909811975781,0.0008005997076096658,-0.0005063360805900609,0.004921128453285567,-7.886590828047909e-05,-0.0002759817081071286,0.002411499000854694,-0.002667699548160403,0.004016093443876225,0.001140237435429683,0.0005983527646278879,0.0011065084840890362,-0.0012055982456214253,-0.00015059763510902606,0.00039635826549327426
2022-12-21,2542.36,0.0012712808388936371,2543.264,-0.00035551193305725443,2545.82,2539.13,-0.0013600149889795507,-0.001271280838893739,0.001762712360858915,2543.2560000000003,-0.00035236636398458277,2551.33,2535.89,-0.0035220083171114006,-0.0025481232711160678,0.0021943289594972912,2544.6,-0.0008806832154288527,2551.33,2535.89,-0.0035220083171114006,-0.0025481232711160678,0.0022362888918894706,2542.2845,2.969725808976162e-05,2551.33,2530.64,-0.0035220083171114006,-0.0046205483348336724,0.0022689436097167626,2538.53,0.001507610172796441,2551.33,2520.05,-0.0035220083171114006,-0.008814040914696201,0.00205881547341722,0.0012712808388936371,-0.002592014981601532,0.0009549991784981239,-0.0009942800247698988,-0.0021619933281317675,0.002248413226760142,0.0029545489450077092,0.0008671694164595822,-0.0037156473684451003,0.0003811627080406596,-0.0012490427594525977,-0.0006160909811975781,0.0008005997076096658,-0.0005063360805900609,0.004921128453285567,-7.886590828047909e-05,-0.0002759817081071286,0.002411499000854694,-0.002667699548160403,0.004016093443876225,0.001140237435429683,0.0005983527646278879,0.0011065084840890362,-0.0012055982456214253,-0.00015059763510902606
2022-12-22,2542.08,-0.00011013995652751352,2542.516,-0.00017149838495284146,2545.72,2539.13,-0.0014308740992353287,-0.0011611408823662594,0.0015664587875234245,2542.9309999999996,-0.0003347092102433615,2551.33,2535.89,-0.003632148273638841,-0.0024379833145886124,0.002188382353409421,2544.1813333333334,-0.0008262782091501289,2551.33,2535.89,-0.003632148273638841,-0.0024379833145886124,0.0018095152082612568,2542.5184999999997,-0.00017248166245057523,2551.33,2530.64,-0.003632148273638841,-0.004510408378306168,0.002093960689489775,2539.2896,0.0010982866825863745,2551.33,2520.05,-0.003632148273638841,-0.008703900958168743,0.0020584637800185857,-0.00011013995652751352,0.0012712808388936371,-0.002592014981601532,0.0009549991784981239,-0.0009942800247698988,-0.0021619933281317675,0.002248413226760142,0.0029545489450077092,0.0008671694164595822,-0.0037156473684451003,0.0003811627080406596,-0.0012490427594525977,-0.0006160909811975781,0.0008005997076096658,-0.0005063360805900609,0.004921128453285567,-7.886590828047909e-05,-0.0002759817081071286,0.002411499000854694,-0.002667699548160403,0.004016093443876225,0.001140237435429683,0.0005983527646278879,0.0011065084840890362,-0.0012055982456214253
2022-12-23,2539.45,-0.001035121404314041,2541.7480000000005,-0.0009045111631842056,2545.72,2539.13,-0.0024659955035494286,-0.0001260194780522317,0.0015711226257000273,2543.287,-0.0015098167498672425,2551.33,2538.09,-0.004667269677952868,-0.0005356924938148828,0.001835847889698131,2543.6733333333336,-0.0016617083742406996,2551.33,2535.89,-0.004667269677952868,-0.001402861910274482,0.0018217599791619916,2542.959,-0.001380841470081432,2551.33,2535.85,-0.004667269677952868,-0.0014186355895249164,0.0020108849749865976,2540.0656000000004,-0.00024238531840101537,2551.33,2522.84,-0.004667269677952868,-0.0065622710697655845,0.0020535450947520026,-0.001035121404314041,-0.00011013995652751352,0.0012712808388936371,-0.002592014981601532,0.0009549991784981239,-0.0009942800247698988,-0.0021619933281317675,0.002248413226760142,0.0029545489450077092,0.0008671694164595822,-0.0037156473684451003,0.0003811627080406596,-0.0012490427594525977,-0.0006160909811975781,0.0008005997076096658,-0.0005063360805900609,0.004921128453285567,-7.886590828047909e-05,-0.0002759817081071286,0.002411499000854694,-0.002667699548160403,0.004016093443876225,0.001140237435429683,0.0005983527646278879,0.0011065084840890362
2022-12-26,2537.91,-0.0006066144796603825,2540.186,-0.0008963990253053201,2542.36,2537.91,-0.001751875840501947,0.0,0.001405177788842689,2543.269,-0.0021093537492049277,2551.33,2537.91,-0.005273884157613224,0.0,0.0018301589110783303,2542.9266666666667,-0.001974741022410494,2551.33,2535.89,-0.005273884157613224,-0.000796247430614122,0.0018026997962641601,2543.017,-0.002010263764801339,2551.33,2535.85,-0.005273884157613224,-0.0008120211098645669,0.0019463270883647219,2540.6684,-0.0010862883484276228,2551.33,2524.35,-0.005273884157613224,-0.005357303825477239,0.0020543284834196947,-0.0006066144796603825,-0.001035121404314041,-0.00011013995652751352,0.0012712808388936371,-0.002592014981601532,0.0009549991784981239,-0.0009942800247698988,-0.0021619933281317675,0.002248413226760142,0.0029545489450077092,0.0008671694164595822,-0.0037156473684451003,0.0003811627080406596,-0.0012490427594525977,-0.0006160909811975781,0.0008005997076096658,-0.0005063360805900609,0.004921128453285567,-7.886590828047909e-05,-0.0002759817081071286,0.002411499000854694,-0.002667699548160403,0.004016093443876225,0.001140237435429683,0.0005983527646278879
2022-12-27,2540.3,0.0009412766216688215,2540.42,-4.7237399432403747e-05,2542.36,2537.91,-0.0008105992188330996,-0.0009412766216687667,0.0009888502664019238,2542.739,-0.0009596621970373014,2551.33,2537.91,-0.004332607535944421,-0.0009412766216687667,0.0015587777750964886,2542.4440000000004,-0.0008436388404224261,2551.33,2535.89,-0.004332607535944421,-0.0017375240522828701,0.0018274742146582451,2543.2295000000004,-0.0011525458145905895,2551.33,2535.85,-0.004332607535944421,-0.0017532977315333862,0.0019555009268330706,2541.3064,-0.0003960952242021742,2551.33,2527.23,-0.004332607535944421,-0.005158343011716313,0.0020579749073757073,0.0009412766216688215,-0.0006066144796603825,-0.001035121404314041,-0.00011013995652751352,0.0012712808388936371,-0.002592014981601532,0.0009549991784981239,-0.0009942800247698988,-0.0021619933281317675,0.002248413226760142,0.0029545489450077092,0.0008671694164595822,-0.0037156473684451003,0.0003811627080406596,-0.0012490427594525977,-0.0006160909811975781,0.0008005997076096658,-0.0005063360805900609,0.004921128453285567,-7.886590828047909e-05,-0.0002759817081071286,0.002411499000854694,-0.002667699548160403,0.004016093443876225,0.001140237435429683
2022-12-28,2540.26,-1.574629568422432e-05,2540.0,0.0001023569660714944,2542.08,2537.91,-0.0007162055579899205,-0.0009255303259845792,0.0007418336237125578,2541.632,-0.0005399563915699655,2545.82,2537.91,-0.002186360503496914,-0.0009255303259845792,0.0013062477119218773,2542.1706666666664,-0.0007518712529448722,2551.33,2535.89,-0.004348353831628759,-0.0017217777565986274,0.0018040035300811788,2543.45,-0.0012549891393043768,2551.33,2535.89,-0.004348353831628759,-0.0017217777565986274,0.00195527563790241,2541.8276,-0.0006169118571338193,2551.33,2530.64,-0.004348353831628759,-0.0037942028203162576,0.002050156461393077,-1.574629568422432e-05,0.0009412766216688215,-0.0006066144796603825,-0.001035121404314041,-0.00011013995652751352,0.0012712808388936371,-0.002592014981601532,0.0009549991784981239,-0.0009942800247698988,-0.0021619933281317675,0.002248413226760142,0.0029545489450077092,0.0008671694164595822,-0.0037156473684451003,0.0003811627080406596,-0.0012490427594525977,-0.0006160909811975781,0.0008005997076096658,-0.0005063360805900609,0.004921128453285567,-7.886590828047909e-05,-0.0002759817081071286,0.002411499000854694,-0.002667699548160403,0.004016093443876225
2022-12-29,2541.38,0.000440802582684088,2539.8599999999997,0.0005982791780508171,2541.38,2537.91,0.0,-0.0013663329086685677,0.0007913350475731241,2541.188,7.555235860738006e-05,2545.72,2537.91,-0.0017062770745411486,-0.0013663329086685677,0.0011767545004582043,2541.9073333333336,-0.0002074772880797339,2551.33,2535.89,-0.0039075512489447056,-0.0021625803392826505,0.0018052228059802285,2543.101,-0.0006769619419266525,2551.33,2535.89,-0.0039075512489447056,-0.0021625803392826505,0.0015958922420438234,2541.9868,-0.00023873941297414196,2551.33,2530.64,-0.0039075512489447056,-0.0042350054030003085,0.0018918717681307414,0.000440802582684088,-1.574629568422432e-05,0.0009412766216688215,-0.0006066144796603825,-0.001035121404314041,-0.00011013995652751352,0.0012712808388936371,-0.002592014981601532,0.0009549991784981239,-0.0009942800247698988,-0.0021619933281317675,0.002248413226760142,0.0029545489450077092,0.0008671694164595822,-0.0037156473684451003,0.0003811627080406596,-0.0012490427594525977,-0.0006160909811975781,0.0008005997076096658,-0.0005063360805900609,0.004921128453285567,-7.886590828047909e-05,-0.0002759817081071286,0.002411499000854694,-0.002667699548160403
2022-12-30,2544.1,0.001069712302229485,2540.79,0.0013018965867577347,2544.1,2537.91,0.0,-0.002436045210897969,0.0006934440708565244,2541.269,0.00111339031344676,2545.72,2537.91,-0.0006365647723117791,-0.002436045210897969,0.0011978225257807211,2542.4546666666665,0.0006469343194125631,2551.33,2537.91,-0.002837838946715217,-0.002436045210897969,0.0015218913777002487,2542.9525000000003,0.0004511453418113615,2551.33,2535.89,-0.002837838946715217,-0.003232292641512102,0.0016154933285160095,2542.5252,0.0006191924855461555,2551.33,2535.85,-0.002837838946715217,-0.00324806632076254,0.001813153458387562,0.001069712302229485,0.000440802582684088,-1.574629568422432e-05,0.0009412766216688215,-0.0006066144796603825,-0.001035121404314041,-0.00011013995652751352,0.0012712808388936371,-0.002592014981601532,0.0009549991784981239,-0.0009942800247698988,-0.0021619933281317675,0.002248413226760142,0.0029545489450077092,0.0008671694164595822,-0.0037156473684451003,0.0003811627080406596,-0.0012490427594525977,-0.0006160909811975781,0.0008005997076096658,-0.0005063360805900609,0.004921128453285567,-7.886590828047909e-05,-0.0002759817081071286,0.002411499000854694
2023-01-02,2541.68,-0.0009516731681849773,2541.5440000000003,5.3509347623391565e-05,2544.1,2540.26,-0.0009516731681849773,-0.000558841716728513,0.0008200382152033537,2540.8650000000002,0.00032070547608931095,2544.1,2537.91,-0.0009516731681849773,-0.0014843720427130081,0.0011862432619671195,2542.694,-0.00039886916794228247,2551.33,2537.91,-0.0037895121149002548,-0.0014843720427130081,0.0015386258042393922,2542.581,-0.00035442712694411997,2551.33,2535.89,-0.0037895121149002548,-0.002280619473327164,0.0016139737144755613,2542.7224,-0.0004100383614818409,2551.33,2535.85,-0.0037895121149002548,-0.0022963931525775538,0.0017673636528073608,-0.0009516731681849773,0.001069712302229485,0.000440802582684088,-1.574629568422432e-05,0.0009412766216688215,-0.0006066144796603825,-0.001035121404314041,-0.00011013995652751352,0.0012712808388936371,-0.002592014981601532,0.0009549991784981239,-0.0009942800247698988,-0.0021619933281317675,0.002248413226760142,0.0029545489450077092,0.0008671694164595822,-0.0037156473684451003,0.0003811627080406596,-0.0012490427594525977,-0.0006160909811975781,0.0008005997076096658,-0.0005063360805900609,0.004921128453285567,-7.886590828047909e-05,-0.0002759817081071286
2023-01-03,2546.4,0.001855317272500916,2542.764,0.0014289186273689443,2546.4,2540.26,0.0,-0.0024141589892293755,0.0010649233051306384,2541.592,0.0018899406410747173,2546.4,2537.91,0.0,-0.003339689315213842,0.0009901193054940945,2542.7473333333332,0.0014354731960542007,2551.33,2537.91,-0.001934194842399335,-0.003339689315213842,0.0014137746087573614,2542.5240000000003,0.0015233085616964247,2551.33,2535.89,-0.001934194842399335,-0.004135936745827968,0.0016697298366454977,2543.1364000000003,0.0012824745481001478,2551.33,2535.85,-0.001934194842399335,-0.004151710425078431,0.0018006836721694511,0.001855317272500916,-0.0009516731681849773,0.001069712302229485,0.000440802582684088,-1.574629568422432e-05,0.0009412766216688215,-0.0006066144796603825,-0.001035121404314041,-0.00011013995652751352,0.0012712808388936371,-0.002592014981601532,0.0009549991784981239,-0.0009942800247698988,-0.0021619933281317675,0.002248413226760142,0.0029545489450077092,0.0008671694164595822,-0.0037156473684451003,0.0003811627080406596,-0.0012490427594525977,-0.0006160909811975781,0.0008005997076096658,-0.0005063360805900609,0.004921128453285567,-7.886590828047909e-05
2023-01-04,2548.09,0.0006634619214062905,2544.33,0.0014767048606645309,2548.09,2541.38,0.0,-0.002636818327951456,0.0010286285717358192,2542.165,0.002327978726358843,2548.09,2537.91,0.0,-0.004003151236620074,0.0009403114637844126,2542.5313333333334,0.002183886214259006,2548.09,2537.91,0.0,-0.004003151236620074,0.0012891406912708206,2542.7105,0.0021134208666460774,2551.33,2535.89,-0.0012707329209931569,-0.004799398667234149,0.0016504345352013163,2543.626,0.0017534368153012693,2551.33,2535.89,-0.0012707329209931569,-0.004799398667234149,0.0018026500110041401,0.0006634619214062905,0.001855317272500916,-0.0009516731681849773,0.001069712302229485,0.000440802582684088,-1.574629568422432e-05,0.0009412766216688215,-0.0006066144796603825,-0.001035121404314041,-0.00011013995652751352,0.0012712808388936371,-0.002592014981601532,0.0009549991784981239,-0.0009942800247698988,-0.0021619933281317675,0.002248413226760142,0.0029545489450077092,0.0008671694164595822,-0.0037156473684451003,0.0003811627080406596,-0.0012490427594525977,-0.0006160909811975781,0.0008005997076096658,-0.0005063360805900609,0.004921128453285567
2023-01-05,2548.82,0.0002864480655894109,2545.818,0.0011784940745321693,2548.82,2541.68,0.0,-0.0028052272594963957,0.0010374614865308496,2542.839,0.002349333586929111,2548.82,2537.91,0.0,-0.004289599302209445,0.0009329343520627929,2542.7313333333327,0.0023916756094069696,2548.82,2537.91,0.0,-0.004289599302209445,0.0011554032622290635,2542.8849999999998,0.0023312437338419614,2551.33,2535.89,-0.0009842848554038328,-0.0050858467328236115,0.0016496401962798257,2543.6444,0.0020326511391968167,2551.33,2535.89,-0.0009842848554038328,-0.0050858467328236115,0.0015107918595318815,0.0002864480655894109,0.0006634619214062905,0.001855317272500916,-0.0009516731681849773,0.001069712302229485,0.000440802582684088,-1.574629568422432e-05,0.0009412766216688215,-0.0006066144796603825,-0.001035121404314041,-0.00011013995652751352,0.0012712808388936371,-0.002592014981601532,0.0009549991784981239,-0.0009942800247698988,-0.0021619933281317675,0.002248413226760142,0.0029545489450077092,0.0008671694164595822,-0.0037156473684451003,0.0003811627080406596,-0.0012490427594525977,-0.0006160909811975781,0.0008005997076096658,-0.0005063360805900609
2023-01-06,2543.26,-0.0021837843119497332,2545.65,-0.0009392974824552279,2548.82,2541.68,-0.0021837843119497332,-0.0006214429475466059,0.0015505822888122315,2543.2200000000003,1.572796904771595e-05,2548.82,2537.91,-0.0021837843119497332,-0.0021058149902596795,0.0011550417980817254,2542.7293333333337,0.00020867785353541422,2548.82,2537.91,-0.0021837843119497332,-0.0021058149902596795,0.0012694816753774623,2543.2535,2.5557781378419867e-06,2551.33,2537.91,-0.003168069167353618,-0.0021058149902596795,0.0014928001826507505,2543.492,-9.121734268190846e-05,2551.33,2535.89,-0.003168069167353618,-0.002902062420873832,0.0015706157854628972,-0.0021837843119497332,0.0002864480655894109,0.0006634619214062905,0.001855317272500916,-0.0009516731681849773,0.001069712302229485,0.000440802582684088,-1.574629568422432e-05,0.0009412766216688215,-0.0006066144796603825,-0.001035121404314041,-0.00011013995652751352,0.0012712808388936371,-0.002592014981601532,0.0009549991784981239,-0.0009942800247698988,-0.0021619933281317675,0.002248413226760142,0.0029545489450077092,0.0008671694164595822,-0.0037156473684451003,0.0003811627080406596,-0.0012490427594525977,-0.0006160909811975781,0.0008005997076096658
2023-01-09,2552.54,0.003642219183975923,2547.822,0.0018500652878001144,2552.54,2543.26,0.0,-0.0036422191839759026,0.0021426238556942244,2544.683,0.003082857557046206,2552.54,2540.26,0.0,-0.004822503848251102,0.0015572641246504907,2543.184,0.003672102536670265,2552.54,2537.91,0.0,-0.005748034174235599,0.0015684096948701894,2543.9759999999997,0.0033607303736564683,2552.54,2537.91,0.0,-0.005748034174235599,0.001680601259624121,2543.6292000000003,0.003497061707124037,2552.54,2535.89,0.0,-0.006544281604849728,0.0017301989979888281,0.003642219183975923,-0.0021837843119497332,0.0002864480655894109,0.0006634619214062905,0.001855317272500916,-0.0009516731681849773,0.001069712302229485,0.000440802582684088,-1.574629568422432e-05,0.0009412766216688215,-0.0006066144796603825,-0.001035121404314041,-0.00011013995652751352,0.0012712808388936371,-0.002592014981601532,0.0009549991784981239,-0.0009942800247698988,-0.0021619933281317675,0.002248413226760142,0.0029545489450077092,0.0008671694164595822,-0.0037156473684451003,0.0003811627080406596,-0.0012490427594525977,-0.0006160909811975781
2023-01-10,2556.29,0.0014680467635399955,2549.8,0.002542063886422872,2556.29,2543.26,0.0,-0.005110265947515903,0.002103971697666266,2546.282,0.00392273262717223,2556.29,2540.26,0.0,-0.006290550611791079,0.0015797846679224598,2544.328,0.004690420623685418,2556.29,2537.91,0.0,-0.007216080937775542,0.001397142154941745,2544.5105,0.00461869502261628,2556.29,2537.91,0.0,-0.007216080937775542,0.0015865091212291095,2543.9792,0.004827519264485438,2556.29,2535.89,0.0,-0.008012328368389724,0.0017467085317068927,0.0014680467635399955,0.003642219183975923,-0.0021837843119497332,0.0002864480655894109,0.0006634619214062905,0.001855317272500916,-0.0009516731681849773,0.001069712302229485,0.000440802582684088,-1.574629568422432e-05,0.0009412766216688215,-0.0006066144796603825,-0.001035121404314041,-0.00011013995652751352,0.0012712808388936371,-0.002592014981601532,0.0009549991784981239,-0.0009942800247698988,-0.0021619933281317675,0.002248413226760142,0.0029545489450077092,0.0008671694164595822,-0.0037156473684451003,0.0003811627080406596,-0.0012490427594525977
2023-01-11,2559.41,0.0012197745711596704,2552.064,0.002874319641475121,2559.41,2543.26,0.0,-0.006330040518675647,0.00211127715321482,2548.197,0.0043907129166417674,2559.41,2541.38,0.0,-0.007069522600266757,0.0015721852066761762,2545.4646666666663,0.005463549620062982,2559.41,2537.91,0.0,-0.008435855508935235,0.0013950386823773661,2544.9145,0.00567970902618801,2559.41,2537.91,0.0,-0.008435855508935235,0.0015326938458920995,2544.5812,0.0058106846749055585,2559.41,2535.89,0.0,-0.009232102939549399,0.001734821194512762,0.0012197745711596704,0.0014680467635399955,0.003642219183975923,-0.0021837843119497332,0.0002864480655894109,0.0006634619214062905,0.001855317272500916,-0.0009516731681849773,0.001069712302229485,0.000440802582684088,-1.574629568422432e-05,0.0009412766216688215,-0.0006066144796603825,-0.001035121404314041,-0.00011013995652751352,0.0012712808388936371,-0.002592014981601532,0.0009549991784981239,-0.0009942800247698988,-0.0021619933281317675,0.002248413226760142,0.0029545489450077092,0.0008671694164595822,-0.0037156473684451003,0.0003811627080406596
2023-01-12,2561.63,0.0008670114426235258,2554.626,0.0027379413287189377,2561.63,2543.26,0.0,-0.007197051961299147,0.0020858346139175023,2550.222,0.004463360417626155,2561.63,2541.68,0.0,-0.007818494908845735,0.0015686136843132386,2546.7680000000005,0.005818670327479007,2561.63,2537.91,0.0,-0.009302866951558826,0.0013900398071838393,2545.7050000000004,0.0062361492283742525,2561.63,2537.91,0.0,-0.009302866951558826,0.0014381063141351259,2545.2332,0.006421498169106211,2561.63,2535.89,0.0,-0.01009911438217291,0.001739231914859998,0.0008670114426235258,0.0012197745711596704,0.0014680467635399955,0.003642219183975923,-0.0021837843119497332,0.0002864480655894109,0.0006634619214062905,0.001855317272500916,-0.0009516731681849773,0.001069712302229485,0.000440802582684088,-1.574629568422432e-05,0.0009412766216688215,-0.0006066144796603825,-0.001035121404314041,-0.00011013995652751352,0.0012712808388936371,-0.002592014981601532,0.0009549991784981239,-0.0009942800247698988,-0.0021619933281317675,0.002248413226760142,0.0029545489450077092,0.0008671694164595822,-0.0037156473684451003
2023-01-13,2562.33,0.0002732261783287214,2558.4399999999996,0.0015193030533565167,2562.33,2552.54,0.0,-0.003828058955651887,0.0012820025524539886,2552.045,0.004022002244499576,2562.33,2541.68,0.0,-0.00809172108717443,0.0015732534225244763,2548.293333333333,0.0054931467443777695,2562.33,2537.91,0.0,-0.009576093129887506,0.0013256683221741126,2546.657,0.006135482108822574,2562.33,2537.91,0.0,-0.009576093129887506,0.0014051758975616795,2546.2908,0.006279288805852106,2562.33,2537.91,0.0,-0.009576093129887506,0.0015301607889696563,0.0002732261783287214,0.0008670114426235258,0.0012197745711596704,0.0014680467635399955,0.003642219183975923,-0.0021837843119497332,0.0002864480655894109,0.0006634619214062905,0.001855317272500916,-0.0009516731681849773,0.001069712302229485,0.000440802582684088,-1.574629568422432e-05,0.0009412766216688215,-0.0006066144796603825,-0.001035121404314041,-0.00011013995652751352,0.0012712808388936371,-0.002592014981601532,0.0009549991784981239,-0.0009942800247698988,-0.0021619933281317675,0.002248413226760142,0.0029545489450077092,0.0008671694164595822
2023-01-16,2560.21,-0.0008277144233275916,2559.9739999999997,9.218418719624808e-05,2562.33,2556.29,-0.0008277144233275916,-0.0015322977687843983,0.0009157060656410259,2553.898,0.002468466917433436,2562.33,2543.26,-0.0008277144233275916,-0.006642563716300247,0.0015590957307295337,2549.78,0.0040822054384207634,2562.33,2540.26,-0.0008277144233275916,-0.00782284838057539,0.0013411573412641243,2547.3815000000004,0.005023317536606135,2562.33,2537.91,-0.0008277144233275916,-0.008748378706559985,0.001422741698900766,2547.1756000000005,0.005104148900773973,2562.33,2537.91,-0.0008277144233275916,-0.008748378706559985,0.0015467442294848678,-0.0008277144233275916,0.0002732261783287214,0.0008670114426235258,0.0012197745711596704,0.0014680467635399955,0.003642219183975923,-0.0021837843119497332,0.0002864480655894109,0.0006634619214062905,0.001855317272500916,-0.0009516731681849773,0.001069712302229485,0.000440802582684088,-1.574629568422432e-05,0.0009412766216688215,-0.0006066144796603825,-0.001035121404314041,-0.00011013995652751352,0.0012712808388936371,-0.002592014981601532,0.0009549991784981239,-0.0009942800247698988,-0.0021619933281317675,0.002248413226760142,0.0029545489450077092
2023-01-17,2560.5,0.00011326554337573045,2560.816,-0.0001234057810144448,2562.33,2559.41,-0.0007144488799517878,-0.0004257887410005266,0.0007859032888414554,2555.308,0.002029787584914336,2562.33,2543.26,-0.0007144488799517878,-0.0067558292596760754,0.0015156598501063281,2551.1266666666666,0.0036674602629362197,2562.33,2540.26,-0.0007144488799517878,-0.0079361139239512,0.0013424071319201741,2548.45,0.0047172206989225755,2562.33,2537.91,-0.0007144488799517878,-0.008861644249935784,0.0012534707713385796,2547.7716,0.00498345716085639,2562.33,2537.91,-0.0007144488799517878,-0.008861644249935784,0.0014484328907294355,0.00011326554337573045,-0.0008277144233275916,0.0002732261783287214,0.0008670114426235258,0.0012197745711596704,0.0014680467635399955,0.003642219183975923,-0.0021837843119497332,0.0002864480655894109,0.0006634619214062905,0.001855317272500916,-0.0009516731681849773,0.001069712302229485,0.000440802582684088,-1.574629568422432e-05,0.0009412766216688215,-0.0006066144796603825,-0.001035121404314041,-0.00011013995652751352,0.0012712808388936371,-0.002592014981601532,0.0009549991784981239,-0.0009942800247698988,-0.0021619933281317675,0.002248413226760142
2023-01-18,2560.9,0.0001562072873876899,2561.114,-8.356088059288001e-05,2562.33,2560.21,-0.0005582415925641241,-0.0002694728307634024,0.0006084731870193752,2556.589,0.0016848110547040655,2562.33,2543.26,-0.0005582415925641241,-0.006912036547063647,0.0015200043401260592,2552.5026666666663,0.003284443424326482,2562.33,2541.38,-0.0005582415925641241,-0.007651518628654791,0.0013381593665960285,2549.3769999999995,0.00450974361247134,2562.33,2537.91,-0.0005582415925641241,-0.009017851537323408,0.0012382758694100685,2548.1544,0.004989426787524357,2562.33,2537.91,-0.0005582415925641241,-0.009017851537323408,0.0013862685511816803,0.0001562072873876899,0.00011326554337573045,-0.0008277144233275916,0.0002732261783287214,0.0008670114426235258,0.0012197745711596704,0.0014680467635399955,0.003642219183975923,-0.0021837843119497332,0.0002864480655894109,0.0006634619214062905,0.001855317272500916,-0.0009516731681849773,0.001069712302229485,0.000440802582684088,-1.574629568422432e-05,0.0009412766216688215,-0.0006066144796603825,-0.001035121404314041,-0.00011013995652751352,0.0012712808388936371,-0.002592014981601532,0.0009549991784981239,-0.0009942800247698988,-0.0021619933281317675
2023-01-19,2563.55,0.001034257427127863,2561.498,0.0008007730306728584,2563.55,2560.21,0.0,-0.0013037302578914303,0.0006622705674137961,2558.062,0.002143076086368722,2563.55,2543.26,0.0,-0.007946293974191651,0.0015266311796149265,2553.980666666667,0.003739828878398105,2563.55,2541.68,0.0,-0.008567736921738334,0.0013437943481268751,2550.4505,0.005123006401699822,2563.55,2537.91,0.0,-0.010052108964451363,0.0012416833742469962,2548.8635999999997,0.005745403853634819,2563.55,2537.91,0.0,-0.010052108964451363,0.0013094412252583501,0.001034257427127863,0.0001562072873876899,0.00011326554337573045,-0.0008277144233275916,0.0002732261783287214,0.0008670114426235258,0.0012197745711596704,0.0014680467635399955,0.003642219183975923,-0.0021837843119497332,0.0002864480655894109,0.0006634619214062905,0.001855317272500916,-0.0009516731681849773,0.001069712302229485,0.000440802582684088,-1.574629568422432e-05,0.0009412766216688215,-0.0006066144796603825,-0.001035121404314041,-0.00011013995652751352,0.0012712808388936371,-0.002592014981601532,0.0009549991784981239,-0.0009942800247698988
2023-01-20,2559.26,-0.001674862430129582,2560.884,-0.0006343571799774516,2563.55,2559.26,-0.001674862430129582,0.0,0.0010379964980700134,2559.6620000000003,-0.0001570643197245002,2563.55,2552.54,-0.001674862430129582,-0.002629212360086138,0.001429811233284988,2554.9913333333334,0.0016693225966874267,2563.55,2541.68,-0.001674862430129582,-0.0068928744916087374,0.0014545045160149564,2551.441,0.0030598566030740513,2563.55,2537.91,-0.001674862430129582,-0.008377246534321738,0.001288512911013705,2549.5024000000003,0.003819951331172377,2563.55,2537.91,-0.001674862430129582,-0.008377246534321738,0.0013436143212384797,-0.001674862430129582,0.001034257427127863,0.0001562072873876899,0.00011326554337573045,-0.0008277144233275916,0.0002732261783287214,0.0008670114426235258,0.0012197745711596704,0.0014680467635399955,0.003642219183975923,-0.0021837843119497332,0.0002864480655894109,0.0006634619214062905,0.001855317272500916,-0.0009516731681849773,0.001069712302229485,0.000440802582684088,-1.574629568422432e-05,0.0009412766216688215,-0.0006066144796603825,-0.001035121404314041,-0.00011013995652751352,0.0012712808388936371,-0.002592014981601532,0.0009549991784981239
2023-01-23,2559.61,0.0001367489311293813,2560.764,-0.00045074833187520077,2563.55,2559.26,-0.0015381134990001307,-0.0001367489311294653,0.0009899236782197388,2560.369,-0.00029648559322608146,2563.55,2556.29,-0.0015381134990001307,-0.0012979145276755782,0.00096149260852475,2556.186666666667,0.0013383385100562328,2563.55,2543.26,-0.0015381134990001307,-0.006408180475191529,0.0014089003745904449,2552.5260000000003,0.0027714460391110563,2563.55,2540.26,-0.0015381134990001307,-0.007588465139466691,0.0012688680045309139,2550.058,0.0037387991262751857,2563.55,2537.91,-0.0015381134990001307,-0.008513995465451219,0.0013356777000360608,0.0001367489311293813,-0.001674862430129582,0.001034257427127863,0.0001562072873876899,0.00011326554337573045,-0.0008277144233275916,0.0002732261783287214,0.0008670114426235258,0.0012197745711596704,0.0014680467635399955,0.003642219183975923,-0.0021837843119497332,0.0002864480655894109,0.0006634619214062905,0.001855317272500916,-0.0009516731681849773,0.001069712302229485,0.000440802582684088,-1.574629568422432e-05,0.0009412766216688215,-0.0006066144796603825,-0.001035121404314041,-0.00011013995652751352,0.0012712808388936371,-0.002592014981601532
